<?xml version="1.0" encoding="UTF-8"?>
<Theme version="1">

<Home bg_color="#FF0F0A00" 
	bg_frame_way_of_drawing="" 
	bg_v_image="dock" 
	bg_h_image="none" 
	bg_way_of_drawing="1" 
	unselected="appfunchome" 
	selected="appfunchome_selected" 
	home_deliver_line_v="appfunc_home_deliver_line_v" 
	home_deliver_line_h="none"/>
	
<Foldericon
	bottom="appfunc_folderback"
	top_open="appfunc_folder_open"
	top_closed="appfunc_folder_close_up" />

<Folder bg_frame_image="folderopenback" 
	bg_frame_way_of_drawing="1" 
	editbox="appfunc_rename" 
	up_button="folder_add" 
	up_button_selected="folder_add_light" 
	line_enabled="1" 
	folder_open_bg_color="#7F000000" 
	bg_frame_image_bottom_heigth="36" 
	edittext_color="#FFFFFF" 
	sort_button="folder_short_btn" 
	sort_button_light="folder_short_btn_light" 
	add_buton="folder_add" 
	add_button_light="folder_add_light"/>
	
<Wallpaper image="funbg" bg_color="#00000000"/>

<Indicator indicator_h_current="screennow" indicator_h="screenother"/>

<Foldericon bottom="appfunc_folderback" top_open="appfunc_folder_open" top_closed="appfunc_folder_close_up"/>

<AllTabs bg_v_image="tabbg" bg_h_image="none" bg_way_of_drawing="1"/>

<Tab bg_frame_way_of_drawing="" 
	bg_v_image="vmetro" 
	bg_h_image="hmetro" 
	bg_way_of_drawing="2" 
	selected_v_image="vmetrov" 
	selected_h_image="hmetrov" 
	selected_way_of_drawing="2" 
	focused_v_image="vmetrof" 
	focused_h_image="hmetrof" 
	focused_way_of_drawing="2" 
	cutLine_enabled="0" 
	orientation_enabled="1"/>
	
<TabTitle unselected="#ffcccccc" selected="#ffffffff" gap_v="19" gap_h="40"/>
	
<RuningDock home_memory_bg="appfunc_memory_bg" 
	home_memory_process_low="appfunc_memory_low" 
	home_memory_process_middle="appfunc_memory_middle" 
	home_memory_process_high="appfunc_memory_high" 
	home_clean_normal="appfunc_home_runing_clear" 
	home_clean_light="appfunc_home_runing_clear_ligh" 
	home_lock_list_normal="appfunc_home_runing_lock_list" 
	home_lock_list_light="appfunc_home_runing_lock_list_light" 
	home_line_img_v="appfunc_home_deliver_line_v" 
	home_line_img_h="appfunc_home_deliver_line_h" 
	home_running_text_color="#FFFFFFFF"/>

<AllAppDock search_unselected="appfunc_home_search" 
	search_selected="appfunc_home_search_light" 
	menu_unselected="appfunc_home_menu" 
	menu_selected="appfunc_home_menu_light" 
	home_myapp="appfunc_home_my_apps" 
	home_myapp_light="appfunc_home_my_apps_light" 
	home_media_unselected="appfunc_mediamanagement_switch_button_app" 
	home_media_selected="appfunc_mediamanagement_switch_button_app_light"/>

<RecentDock home_recent_clear="appfunc_home_clear" 
	home_recent_clear_selected="appfunc_home_clear_light" 
	home_recent_nodata_Bg="appfunc_recent_nodata_bg" 
	home_recent_nodata_text_color="#ffcccccc"/>

<AllAppMenu menu_bg_v="appfunc_menu_bg_v" 
	menu_bg_h="none" 
	menu_divider_v="appfunc_menu_line" 
	menu_divider_h="none" 
	menu_text_color="#ffffff" 
	menu_item_selected="appfunc_menu_item_selector"/>

<AppIcon text_color="#ffffffff" 
	text_bg_color="#FFAC00" 
	delete_app="kill" 
	delete_app_highlight="kill_light" 
	new_app_icon="new_install_app" 
	update_icon="appfunc_app_update" 
	locker_icon="promanage_lock_icon" 
	close_app_icon="promanage_close_normal" 
	close_app_light="promanage_close_light"/>

<AppSetting grid_format="1"/>

<TabIcon name="AllApps" current="allapp_current_focuse" unselected="allapp" selected="allapp_selected"/>

<TabIcon name="Process" current="run_current_focuse" unselected="run" selected="run_selected"/>

<TabIcon name="RecentApps" current="history_current_focuse" unselected="history" selected="history_selected"/>

<SwitchButtonBean button_galleryicon="appfunc_mediamanagement_switch_button_gallery" 
	button_gallerylighticon="appfunc_mediamanagement_switch_button_gallery_light" 
	button_musicicon="appfunc_mediamanagement_switch_button_music" 
	button_musiclighticon="appfunc_mediamanagement_switch_button_music_light" 
	button_videoicon="appfunc_mediamanagement_switch_button_video" 
	button_videolighticon="appfunc_mediamanagement_switch_button_video_light" 
	button_appicon="appfunc_mediamanagement_switch_button_app" 
	button_appiconlight="appfunc_mediamanagement_switch_button_app_light"/>

<SwitchMenuBean media_menu_bg_v="appfunc_mediamanagement_switch_menu_bg" 
	media_menu_bg_h="none" 
	media_menu_divider_v="appfunc_menu_line" 
	media_menu_divider_h="none" 
	media_menu_item_gallery_selector="switch_menu_image_selector" 
	item_gallery_normal="appfunc_mediamanagement_switch_menu_gallery" 
	item_gallery_focus="appfunc_mediamanagement_switch_menu_gallery_light" 
	media_menu_item_music_selector="switch_menu_audio_selector" 
	item_music_normal="appfunc_mediamanagement_switch_menu_music" 
	media_menu_item_video_selector="switch_menu_video_selector" 
	item_video_normal="appfunc_mediamanagement_switch_menu_video" 
	item_video_focus="appfunc_mediamanagement_switch_menu_video_light" 
	media_menu_item_app_selector="switch_menu_app_selector" 
	item_app_normal="appfunc_mediamanagement_switch_menu_app" 
	item_music_focus="appfunc_mediamanagement_switch_menu_music_light" 
	item_app_focus="appfunc_mediamanagement_switch_menu_app_light" 
	media_menu_text_color="#ffffffff"/>

</Theme>